,듥,N깵,훕솁賴
20240603,깵,202406,1
20240601,늧,202406,2
20240602,,202406,2
20240604,괉,202406,1
20240605,낸,202406,1
20240606,뒞,202406,1
20240607,,202406,1
20240609,,202406,2
20240610,깵,202406,1
20240608,늧,202406,2
20240611,괉,202406,1
20240612,낸,202406,1
20240613,뒞,202406,1
20240614,,202406,1
20240615,늧,202406,2
20240616,,202406,2
20240617,깵,202406,1
20240618,괉,202406,1
20240619,낸,202406,1
20240620,뒞,202406,1
20240621,,202406,1
20240624,깵,202406,1
20240622,늧,202406,2
20240623,,202406,2
20240625,괉,202406,1
20240626,낸,202406,1
20240627,뒞,202406,1
20240628,,202406,1
20240629,늧,202406,2
20240630,,202406,2
20240701,깵,202407,1
20240702,괉,202407,1
20240703,낸,202407,1
20240704,뒞,202407,1
20240705,,202407,1
20240708,깵,202407,1
20240707,,202407,2
20240706,늧,202407,2
20240709,괉,202407,1
20240710,낸,202407,1
20240711,뒞,202407,1
20240712,,202407,1
20240715,깵,202407,2
20240713,늧,202407,2
20240714,,202407,2
20240716,괉,202407,1
20240717,낸,202407,1
20240718,뒞,202407,1
20240719,,202407,1
20240720,늧,202407,2
20240721,,202407,2
20240722,깵,202407,1
20240723,괉,202407,1
20240724,낸,202407,1
20240725,뒞,202407,1
20240726,,202407,1
20240729,깵,202407,1
20240728,,202407,2
20240727,늧,202407,2
20240730,괉,202407,1
20240731,낸,202407,1
20240801,뒞,202408,1
20240802,,202408,1
20240804,,202408,2
20240805,깵,202408,1
20240803,늧,202408,2
20240806,괉,202408,1
20240807,낸,202408,1
20240808,뒞,202408,1
20240809,,202408,1
20240810,늧,202408,2
20240811,,202408,2
20240815,뒞,202408,2
20240816,,202408,1
20240814,낸,202408,2
20240812,깵,202408,2
20240813,괉,202408,2
20240817,늧,202408,2
20240819,깵,202408,1
20240818,,202408,2
20240820,괉,202408,1
20240821,낸,202408,1
20240822,뒞,202408,1
20240823,,202408,1
20240826,깵,202408,1
20240824,늧,202408,2
20240825,,202408,2
20240827,괉,202408,1
20240828,낸,202408,1
20240829,뒞,202408,1
20240830,,202408,1
20240831,늧,202408,2
20240901,,202409,2
20240902,깵,202409,1
20240903,괉,202409,1
20240904,낸,202409,1
20240905,뒞,202409,1
20240906,,202409,1
20240908,,202409,2
20240909,깵,202409,1
20240907,늧,202409,2
20240910,괉,202409,1
20240911,낸,202409,1
20240912,뒞,202409,1
20240913,,202409,1
20240916,깵,202409,2
20240917,괉,202409,1
20240915,,202409,2
20240914,늧,202409,2
20240918,낸,202409,1
20240919,뒞,202409,1
20240920,,202409,1
20240923,깵,202409,2
20240921,늧,202409,2
20240922,,202409,2
20240924,괉,202409,1
20240925,낸,202409,1
20240926,뒞,202409,1
20240927,,202409,1
20240929,,202409,2
20240928,늧,202409,2
20240930,깵,202409,1
20241001,괉,202410,1
20241002,낸,202410,1
20241003,뒞,202410,1
20241004,,202410,1
20241006,,202410,2
20241007,깵,202410,1
20241005,늧,202410,2
20241008,괉,202410,1
20241009,낸,202410,1
20241010,뒞,202410,1
20241011,,202410,1
20241014,깵,202410,2
20241013,,202410,2
20241012,늧,202410,2
20241015,괉,202410,1
20241016,낸,202410,1
20241017,뒞,202410,1
20241018,,202410,1
20241019,늧,202410,2
20241020,,202410,2
20241021,깵,202410,1
20241022,괉,202410,1
20241023,낸,202410,1
20241024,뒞,202410,1
20241025,,202410,1
20241027,,202410,2
20241026,늧,202410,2
20241028,깵,202410,1
20241029,괉,202410,1
20241030,낸,202410,1
20241031,뒞,202410,1
20241101,,202411,1
20241104,깵,202411,2
20241103,,202411,2
20241105,괉,202411,1
20241102,늧,202411,2
20241106,낸,202411,1
20241107,뒞,202411,1
20241108,,202411,1
20241109,늧,202411,2
20241110,,202411,2
20241111,깵,202411,1
20241112,괉,202411,1
20241113,낸,202411,1
20241114,뒞,202411,1
20241115,,202411,1
20241117,,202411,2
20241116,늧,202411,2
20241118,깵,202411,1
20241119,괉,202411,1
20241120,낸,202411,1
20241121,뒞,202411,1
20241122,,202411,1
20241124,,202411,2
20241125,깵,202411,1
20241123,늧,202411,2
20241126,괉,202411,1
20241127,낸,202411,1
20241128,뒞,202411,1
20241129,,202411,1
20241130,늧,202411,2
20241201,,202412,2
20241202,깵,202412,1
20241203,괉,202412,1
20241204,낸,202412,1
20241205,뒞,202412,1
20241206,,202412,1
20241209,깵,202412,1
20241208,,202412,2
20241207,늧,202412,2
20241210,괉,202412,1
20241211,낸,202412,1
20241212,뒞,202412,1
20241213,,202412,1
20241215,,202412,2
20241214,늧,202412,2
20241216,깵,202412,1
20241217,괉,202412,1
20241218,낸,202412,1
20241219,뒞,202412,1
20241220,,202412,1
20241221,늧,202412,2
20241223,깵,202412,1
20241222,,202412,2
20241224,괉,202412,1
20241225,낸,202412,1
20241226,뒞,202412,1
20241227,,202412,1
20241229,,202412,2
20241230,깵,202412,1
20241228,늧,202412,2
20241231,괉,202412,2
20250106,깵,202501,1
20250101,낸,202501,2
20250103,,202501,2
20250102,뒞,202501,2
20250104,늧,202501,2
20250105,,202501,2
20250107,괉,202501,1
20250108,낸,202501,1
20250109,뒞,202501,1
20250110,,202501,1
20250111,늧,202501,2
20250113,깵,202501,2
20250112,,202501,2
20250114,괉,202501,1
20250115,낸,202501,1
20250116,뒞,202501,1
20250117,,202501,1
20250119,,202501,2
20250118,늧,202501,2
20250120,깵,202501,1
20250121,괉,202501,1
20250122,낸,202501,1
20250123,뒞,202501,1
20250124,,202501,1
20250127,깵,202501,1
20250126,,202501,2
20250125,늧,202501,2
20250128,괉,202501,1
20250129,낸,202501,1
20250130,뒞,202501,1
20250131,,202501,1
20250201,늧,202502,2
20250203,깵,202502,1
20250202,,202502,2
20250204,괉,202502,1
20250205,낸,202502,1
20250206,뒞,202502,1
20250207,,202502,1
20250210,깵,202502,1
20250209,,202502,2
20250208,늧,202502,2
20250211,괉,202502,2
20250212,낸,202502,1
20250213,뒞,202502,1
20250214,,202502,1
20250215,늧,202502,2
20250217,깵,202502,1
20250216,,202502,2
20250218,괉,202502,1
20250219,낸,202502,1
20250220,뒞,202502,1
20250221,,202502,1
20250223,,202502,2
20250224,깵,202502,2
20250225,괉,202502,1
20250222,늧,202502,2
20250226,낸,202502,1
20250227,뒞,202502,1
20250228,,202502,1
20250301,늧,202503,2
20250303,깵,202503,1
20250302,,202503,2
20250304,괉,202503,1
20250305,낸,202503,1
20250306,뒞,202503,1
20250307,,202503,1
20250310,깵,202503,1
20250309,,202503,2
20250308,늧,202503,2
20250311,괉,202503,1
20250312,낸,202503,1
20250313,뒞,202503,1
20250314,,202503,1
20250315,늧,202503,2
20250317,깵,202503,1
20250316,,202503,2
20250318,괉,202503,1
20250319,낸,202503,1
20250320,뒞,202503,2
20250321,,202503,1
20250322,늧,202503,2
20250323,,202503,2
20250324,깵,202503,1
20250325,괉,202503,1
20250326,낸,202503,1
20250327,뒞,202503,1
20250328,,202503,1
20250330,,202503,2
20250329,늧,202503,2
20250331,깵,202503,1
20250401,괉,202504,1
20250402,낸,202504,1
20250403,뒞,202504,1
20250404,,202504,1
20250406,,202504,2
20250407,깵,202504,1
20250405,늧,202504,2
20250408,괉,202504,1
20250409,낸,202504,1
20250410,뒞,202504,1
20250411,,202504,1
20250412,늧,202504,2
20250414,깵,202504,1
20250413,,202504,2
20250415,괉,202504,1
20250416,낸,202504,1
20250417,뒞,202504,1
20250418,,202504,1
20250419,늧,202504,2
20250420,,202504,2
20250421,깵,202504,1
20250422,괉,202504,1
20250423,낸,202504,1
20250424,뒞,202504,1
20250425,,202504,1
20250426,늧,202504,2
20250427,,202504,2
20250428,깵,202504,1
20250430,낸,202504,1
20250429,괉,202504,2
20250501,뒞,202505,1
20250502,,202505,1
20250507,낸,202505,1
20250506,괉,202505,2
20250503,늧,202505,2
20250505,깵,202505,2
20250504,,202505,2
20250508,뒞,202505,1
20250509,,202505,1
20250510,늧,202505,2
20250512,깵,202505,1
20250511,,202505,2
20250513,괉,202505,1
20250514,낸,202505,1
20250515,뒞,202505,1
20250516,,202505,1
20250517,늧,202505,2
20250519,깵,202505,1
20250518,,202505,2
20250520,괉,202505,1
20250521,낸,202505,1
20250522,뒞,202505,1
20250523,,202505,1
20250526,깵,202505,1
20250525,,202505,2
20250524,늧,202505,2
20250527,괉,202505,1
20250528,낸,202505,1
20250529,뒞,202505,1
20250530,,202505,1
20250531,늧,202505,2
